<?xml version="1.0" encoding="UTF-8"?>
<project-private xmlns="http://www.netbeans.org/ns/project-private/1">
    <editor-bookmarks xmlns="http://www.netbeans.org/ns/editor-bookmarks/2" lastBookmarkId="0"/>
    <open-files xmlns="http://www.netbeans.org/ns/projectui-open-files/2">
        <group>
            <file>file:/home/duds/Documents/Repositories/webII20192/Trabalho%20Final/Telas/web/funcionario.jsp</file>
            <file>file:/home/duds/Documents/Repositories/webII20192/Trabalho%20Final/Telas/web/css/main.css</file>
            <file>file:/home/duds/Documents/Repositories/webII20192/Trabalho%20Final/Telas/web/gerente.jsp</file>
            <file>file:/home/duds/Documents/Repositories/webII20192/Trabalho%20Final/Telas/web/relatorios.jsp</file>
        </group>
    </open-files>
</project-private>
